"flow_time","treat","npm1_genot","dosage","dose_nM","n","median_rel_p_syk","mean_rel_p_syk","sd_rel_p_syk","median_inhibition"
2,"ENTO","WT","10nM",10,2,0.6175,0.6175,0.27647875144394,0.3825
2,"ENTO","WT","1nM",1,2,0.972,0.972,0.00565685424949239,0.028
2,"ENTO","WT","30nM",30,2,0.563,0.563,0.234759451353934,0.437
2,"ENTO","mut","10nM",10,2,0.262,0.262,0.0169705627484772,0.738
2,"ENTO","mut","1nM",1,2,0.597,0.597,0.0197989898732233,0.403
2,"ENTO","mut","30nM",30,2,0.226,0.226,0.05939696961967,0.774
2,"LANRA","WT","10nM",10,2,0.4995,0.4995,0.434870670429727,0.5005
2,"LANRA","WT","1nM",1,2,0.7395,0.7395,0.25809397513309,0.2605
2,"LANRA","WT","30nM",30,2,0.4055,0.4055,0.352846283812087,0.5945
2,"LANRA","mut","10nM",10,2,0.233,0.233,0.120208152801713,0.767
2,"LANRA","mut","1nM",1,2,0.584,0.584,0.229102597104441,0.416
2,"LANRA","mut","30nM",30,2,0.097,0.097,0.0339411254969543,0.903
24,"ENTO","WT","1000nM",1000,2,0.7125,0.7125,0.0388908729652601,0.2875
24,"ENTO","WT","200nM",200,2,0.955,0.955,0.0395979797464466,0.045
24,"ENTO","WT","5000nM",5000,2,0.5705,0.5705,0.154856385079854,0.4295
24,"ENTO","mut","1000nM",1000,2,0.519,0.519,0.322440692221066,0.481
24,"ENTO","mut","200nM",200,2,0.8225,0.8225,0.096873629022557,0.1775
24,"ENTO","mut","5000nM",5000,2,0.4685,0.4685,0.195868578388674,0.5315
24,"LANRA","WT","1000nM",1000,2,0.4825,0.4825,0.173241161390704,0.5175
24,"LANRA","WT","200nM",200,2,0.752,0.752,0.0395979797464467,0.248
24,"LANRA","WT","5000nM",5000,2,0.348,0.348,0.308298556597335,0.652
24,"LANRA","mut","1000nM",1000,2,0.328,0.328,0.147078210486802,0.672
24,"LANRA","mut","200nM",200,2,0.5715,0.5715,0.0685893577750951,0.4285
24,"LANRA","mut","5000nM",5000,2,0.0855,0.0855,0.0431335136523794,0.9145
