treat,dosage,sample_code,rel_p_syk,flow_time,npm1_genot,sample_id,dose_nM,dose_uM,dose_axis,dose_label,condition_id,inhibition
ENTO,1nM,wt_1,0.968,2 h,WT,WT sample 1,1,0.001,1,1,2_ENTO_WT_WT sample 1,0.03200000000000003
ENTO,10nM,wt_1,0.813,2 h,WT,WT sample 1,10,0.01,10,10,2_ENTO_WT_WT sample 1,0.18700000000000006
ENTO,30nM,wt_1,0.729,2 h,WT,WT sample 1,30,0.03,30,30,2_ENTO_WT_WT sample 1,0.271
ENTO,1nM,wt_2,0.976,2 h,WT,WT sample 2,1,0.001,1,1,2_ENTO_WT_WT sample 2,0.02400000000000002
ENTO,10nM,wt_2,0.422,2 h,WT,WT sample 2,10,0.01,10,10,2_ENTO_WT_WT sample 2,0.5780000000000001
ENTO,30nM,wt_2,0.397,2 h,WT,WT sample 2,30,0.03,30,30,2_ENTO_WT_WT sample 2,0.603
ENTO,1nM,mut_1,0.611,2 h,mut,mut sample 1,1,0.001,1,1,2_ENTO_mut_mut sample 1,0.389
ENTO,10nM,mut_1,0.25,2 h,mut,mut sample 1,10,0.01,10,10,2_ENTO_mut_mut sample 1,0.75
ENTO,30nM,mut_1,0.184,2 h,mut,mut sample 1,30,0.03,30,30,2_ENTO_mut_mut sample 1,0.8160000000000001
ENTO,1nM,mut_2,0.583,2 h,mut,mut sample 2,1,0.001,1,1,2_ENTO_mut_mut sample 2,0.41700000000000004
ENTO,10nM,mut_2,0.274,2 h,mut,mut sample 2,10,0.01,10,10,2_ENTO_mut_mut sample 2,0.726
ENTO,30nM,mut_2,0.268,2 h,mut,mut sample 2,30,0.03,30,30,2_ENTO_mut_mut sample 2,0.732
LANRA,1nM,wt_1,0.922,2 h,WT,WT sample 1,1,0.001,1,1,2_LANRA_WT_WT sample 1,0.07799999999999996
LANRA,10nM,wt_1,0.807,2 h,WT,WT sample 1,10,0.01,10,10,2_LANRA_WT_WT sample 1,0.19299999999999995
LANRA,30nM,wt_1,0.655,2 h,WT,WT sample 1,30,0.03,30,30,2_LANRA_WT_WT sample 1,0.345
LANRA,1nM,wt_2,0.557,2 h,WT,WT sample 2,1,0.001,1,1,2_LANRA_WT_WT sample 2,0.44299999999999995
LANRA,10nM,wt_2,0.192,2 h,WT,WT sample 2,10,0.01,10,10,2_LANRA_WT_WT sample 2,0.808
LANRA,30nM,wt_2,0.156,2 h,WT,WT sample 2,30,0.03,30,30,2_LANRA_WT_WT sample 2,0.844
LANRA,1nM,mut_1,0.422,2 h,mut,mut sample 1,1,0.001,1,1,2_LANRA_mut_mut sample 1,0.5780000000000001
LANRA,10nM,mut_1,0.148,2 h,mut,mut sample 1,10,0.01,10,10,2_LANRA_mut_mut sample 1,0.852
LANRA,30nM,mut_1,0.121,2 h,mut,mut sample 1,30,0.03,30,30,2_LANRA_mut_mut sample 1,0.879
LANRA,1nM,mut_2,0.746,2 h,mut,mut sample 2,1,0.001,1,1,2_LANRA_mut_mut sample 2,0.254
LANRA,10nM,mut_2,0.318,2 h,mut,mut sample 2,10,0.01,10,10,2_LANRA_mut_mut sample 2,0.6819999999999999
LANRA,30nM,mut_2,0.073,2 h,mut,mut sample 2,30,0.03,30,30,2_LANRA_mut_mut sample 2,0.927
ENTO,200nM,wt_1,0.927,24 h,WT,WT sample 1,200,0.2,200,200,24_ENTO_WT_WT sample 1,0.07299999999999995
ENTO,1000nM,wt_1,0.74,24 h,WT,WT sample 1,1000,1,1000,1000,24_ENTO_WT_WT sample 1,0.26
ENTO,5000nM,wt_1,0.68,24 h,WT,WT sample 1,5000,5,5000,5000,24_ENTO_WT_WT sample 1,0.31999999999999995
ENTO,200nM,wt_2,0.983,24 h,WT,WT sample 2,200,0.2,200,200,24_ENTO_WT_WT sample 2,0.017000000000000015
ENTO,1000nM,wt_2,0.685,24 h,WT,WT sample 2,1000,1,1000,1000,24_ENTO_WT_WT sample 2,0.31499999999999995
ENTO,5000nM,wt_2,0.461,24 h,WT,WT sample 2,5000,5,5000,5000,24_ENTO_WT_WT sample 2,0.5389999999999999
ENTO,200nM,mut_1,0.754,24 h,mut,mut sample 1,200,0.2,200,200,24_ENTO_mut_mut sample 1,0.246
ENTO,1000nM,mut_1,0.747,24 h,mut,mut sample 1,1000,1,1000,1000,24_ENTO_mut_mut sample 1,0.253
ENTO,5000nM,mut_1,0.607,24 h,mut,mut sample 1,5000,5,5000,5000,24_ENTO_mut_mut sample 1,0.393
ENTO,200nM,mut_2,0.891,24 h,mut,mut sample 2,200,0.2,200,200,24_ENTO_mut_mut sample 2,0.10899999999999999
ENTO,1000nM,mut_2,0.291,24 h,mut,mut sample 2,1000,1,1000,1000,24_ENTO_mut_mut sample 2,0.7090000000000001
ENTO,5000nM,mut_2,0.33,24 h,mut,mut sample 2,5000,5,5000,5000,24_ENTO_mut_mut sample 2,0.6699999999999999
LANRA,200nM,wt_1,0.78,24 h,WT,WT sample 1,200,0.2,200,200,24_LANRA_WT_WT sample 1,0.21999999999999997
LANRA,1000nM,wt_1,0.605,24 h,WT,WT sample 1,1000,1,1000,1000,24_LANRA_WT_WT sample 1,0.395
LANRA,5000nM,wt_1,0.566,24 h,WT,WT sample 1,5000,5,5000,5000,24_LANRA_WT_WT sample 1,0.43400000000000005
LANRA,200nM,wt_2,0.724,24 h,WT,WT sample 2,200,0.2,200,200,24_LANRA_WT_WT sample 2,0.276
LANRA,1000nM,wt_2,0.36,24 h,WT,WT sample 2,1000,1,1000,1000,24_LANRA_WT_WT sample 2,0.64
LANRA,5000nM,wt_2,0.13,24 h,WT,WT sample 2,5000,5,5000,5000,24_LANRA_WT_WT sample 2,0.87
LANRA,200nM,mut_1,0.523,24 h,mut,mut sample 1,200,0.2,200,200,24_LANRA_mut_mut sample 1,0.477
LANRA,1000nM,mut_1,0.432,24 h,mut,mut sample 1,1000,1,1000,1000,24_LANRA_mut_mut sample 1,0.5680000000000001
LANRA,5000nM,mut_1,0.116,24 h,mut,mut sample 1,5000,5,5000,5000,24_LANRA_mut_mut sample 1,0.884
LANRA,200nM,mut_2,0.62,24 h,mut,mut sample 2,200,0.2,200,200,24_LANRA_mut_mut sample 2,0.38
LANRA,1000nM,mut_2,0.224,24 h,mut,mut sample 2,1000,1,1000,1000,24_LANRA_mut_mut sample 2,0.776
LANRA,5000nM,mut_2,0.055,24 h,mut,mut sample 2,5000,5,5000,5000,24_LANRA_mut_mut sample 2,0.945
