"flow_time","treat","npm1_genot","sample_id","sample_key","auc_rel_p_syk","auc_inhibition","mean_rel_p_syk","mean_inhibition"
2,"ENTO","WT",1,"2_WT_1",23.4345,5.5655,0.836666666666667,0.163333333333333
2,"ENTO","WT",2,"2_WT_2",14.481,14.519,0.598333333333333,0.401666666666667
2,"ENTO","mut",1,"2_mut_1",8.2145,20.7855,0.348333333333333,0.651666666666667
2,"ENTO","mut",2,"2_mut_2",9.2765,19.7235,0.375,0.625
2,"LANRA","WT",1,"2_WT_1",22.4005,6.5995,0.794666666666667,0.205333333333333
2,"LANRA","WT",2,"2_WT_2",6.8505,22.1495,0.301666666666667,0.698333333333333
2,"LANRA","mut",1,"2_mut_1",5.255,23.745,0.230333333333333,0.769666666666667
2,"LANRA","mut",2,"2_mut_2",8.698,20.302,0.379,0.621
24,"ENTO","WT",1,"24_WT_1",3506.8,1293.2,0.782333333333333,0.217666666666667
24,"ENTO","WT",2,"24_WT_2",2959.2,1840.8,0.709666666666667,0.290333333333333
24,"ENTO","mut",1,"24_mut_1",3308.4,1491.6,0.702666666666667,0.297333333333333
24,"ENTO","mut",2,"24_mut_2",1714.8,3085.2,0.504,0.496
24,"LANRA","WT",1,"24_WT_1",2896,1904,0.650333333333333,0.349666666666667
24,"LANRA","WT",2,"24_WT_2",1413.6,3386.4,0.404666666666667,0.595333333333333
24,"LANRA","mut",1,"24_mut_1",1478,3322,0.357,0.643
24,"LANRA","mut",2,"24_mut_2",895.6,3904.4,0.299666666666667,0.700333333333333
