flow_time,treat,npm1_genot,dose_axis,dose_label,n,median_rel_p_syk,mean_rel_p_syk,sd_rel_p_syk,median_inhibition
2 h,ENTO,WT,1,1,2,0.972,0.972,0.005656854249492385,0.028000000000000025
2 h,ENTO,WT,10,10,2,0.6174999999999999,0.6174999999999999,0.2764787514439401,0.38250000000000006
2 h,ENTO,WT,30,30,2,0.563,0.563,0.23475945135393375,0.437
2 h,ENTO,mut,1,1,2,0.597,0.597,0.019798989873223347,0.403
2 h,ENTO,mut,10,10,2,0.262,0.262,0.016970562748477157,0.738
2 h,ENTO,mut,30,30,2,0.226,0.226,0.059396969619670004,0.774
2 h,LANRA,WT,1,1,2,0.7395,0.7395,0.25809397513308985,0.26049999999999995
2 h,LANRA,WT,10,10,2,0.49950000000000006,0.49950000000000006,0.43487067042972677,0.5005
2 h,LANRA,WT,30,30,2,0.4055,0.4055,0.3528462838120872,0.5945
2 h,LANRA,mut,1,1,2,0.584,0.584,0.2291025971044414,0.41600000000000004
2 h,LANRA,mut,10,10,2,0.23299999999999998,0.23299999999999998,0.1202081528017131,0.7669999999999999
2 h,LANRA,mut,30,30,2,0.097,0.097,0.03394112549695428,0.903
24 h,ENTO,WT,200,200,2,0.9550000000000001,0.9550000000000001,0.03959797974644662,0.044999999999999984
24 h,ENTO,WT,1000,1000,2,0.7125,0.7125,0.038890872965260066,0.2875
24 h,ENTO,WT,5000,5000,2,0.5705,0.5705,0.15485638507985391,0.42949999999999994
24 h,ENTO,mut,200,200,2,0.8225,0.8225,0.09687362902255703,0.1775
24 h,ENTO,mut,1000,1000,2,0.519,0.519,0.3224406922210657,0.48100000000000004
24 h,ENTO,mut,5000,5000,2,0.4685,0.4685,0.19586857838867364,0.5315
24 h,LANRA,WT,200,200,2,0.752,0.752,0.039597979746446695,0.248
24 h,LANRA,WT,1000,1000,2,0.4825,0.4825,0.17324116139070414,0.5175000000000001
24 h,LANRA,WT,5000,5000,2,0.348,0.348,0.3082985565973347,0.652
24 h,LANRA,mut,200,200,2,0.5715,0.5715,0.06858935777509509,0.4285
24 h,LANRA,mut,1000,1000,2,0.328,0.328,0.1470782104868019,0.672
24 h,LANRA,mut,5000,5000,2,0.0855,0.0855,0.043133513652379406,0.9145
