source_row,treat,source_dosage,dose_rank,dose_uM,sample_code,relative_value,panel,readout,time_point,npm1_genot,sample_id,dose_label
7,ENTO,1nM,1,1,wt_1,0.968,A,Relative pSYK+ total cells,2 h flow,WT,WT 1,1
7,ENTO,1nM,1,1,wt_2,0.976,A,Relative pSYK+ total cells,2 h flow,WT,WT 2,1
7,ENTO,1nM,1,1,mut_1,0.611,A,Relative pSYK+ total cells,2 h flow,mut,mut 1,1
7,ENTO,1nM,1,1,mut_2,0.583,A,Relative pSYK+ total cells,2 h flow,mut,mut 2,1
8,ENTO,10nM,2,10,wt_1,0.813,A,Relative pSYK+ total cells,2 h flow,WT,WT 1,10
8,ENTO,10nM,2,10,wt_2,0.422,A,Relative pSYK+ total cells,2 h flow,WT,WT 2,10
8,ENTO,10nM,2,10,mut_1,0.25,A,Relative pSYK+ total cells,2 h flow,mut,mut 1,10
8,ENTO,10nM,2,10,mut_2,0.274,A,Relative pSYK+ total cells,2 h flow,mut,mut 2,10
9,ENTO,30nM,3,30,wt_1,0.729,A,Relative pSYK+ total cells,2 h flow,WT,WT 1,30
9,ENTO,30nM,3,30,wt_2,0.397,A,Relative pSYK+ total cells,2 h flow,WT,WT 2,30
9,ENTO,30nM,3,30,mut_1,0.184,A,Relative pSYK+ total cells,2 h flow,mut,mut 1,30
9,ENTO,30nM,3,30,mut_2,0.268,A,Relative pSYK+ total cells,2 h flow,mut,mut 2,30
11,LANRA,1nM,1,1,wt_1,0.922,A,Relative pSYK+ total cells,2 h flow,WT,WT 1,1
11,LANRA,1nM,1,1,wt_2,0.557,A,Relative pSYK+ total cells,2 h flow,WT,WT 2,1
11,LANRA,1nM,1,1,mut_1,0.422,A,Relative pSYK+ total cells,2 h flow,mut,mut 1,1
11,LANRA,1nM,1,1,mut_2,0.746,A,Relative pSYK+ total cells,2 h flow,mut,mut 2,1
12,LANRA,10nM,2,10,wt_1,0.807,A,Relative pSYK+ total cells,2 h flow,WT,WT 1,10
12,LANRA,10nM,2,10,wt_2,0.192,A,Relative pSYK+ total cells,2 h flow,WT,WT 2,10
12,LANRA,10nM,2,10,mut_1,0.148,A,Relative pSYK+ total cells,2 h flow,mut,mut 1,10
12,LANRA,10nM,2,10,mut_2,0.318,A,Relative pSYK+ total cells,2 h flow,mut,mut 2,10
13,LANRA,30nM,3,30,wt_1,0.655,A,Relative pSYK+ total cells,2 h flow,WT,WT 1,30
13,LANRA,30nM,3,30,wt_2,0.156,A,Relative pSYK+ total cells,2 h flow,WT,WT 2,30
13,LANRA,30nM,3,30,mut_1,0.121,A,Relative pSYK+ total cells,2 h flow,mut,mut 1,30
13,LANRA,30nM,3,30,mut_2,0.073,A,Relative pSYK+ total cells,2 h flow,mut,mut 2,30
5,UT,UT,0,0,wt_1,1,A,Relative pSYK+ total cells,2 h flow,WT,WT 1,UT
5,UT,UT,0,0,wt_2,1,A,Relative pSYK+ total cells,2 h flow,WT,WT 2,UT
5,UT,UT,0,0,mut_1,1,A,Relative pSYK+ total cells,2 h flow,mut,mut 1,UT
5,UT,UT,0,0,mut_2,1,A,Relative pSYK+ total cells,2 h flow,mut,mut 2,UT
20,ENTO,200nM,1,1,wt_1,0.927,A,Relative pSYK+ total cells,24 h flow,WT,WT 1,1
20,ENTO,200nM,1,1,wt_2,0.983,A,Relative pSYK+ total cells,24 h flow,WT,WT 2,1
20,ENTO,200nM,1,1,mut_1,0.754,A,Relative pSYK+ total cells,24 h flow,mut,mut 1,1
20,ENTO,200nM,1,1,mut_2,0.891,A,Relative pSYK+ total cells,24 h flow,mut,mut 2,1
21,ENTO,1000nM,2,10,wt_1,0.74,A,Relative pSYK+ total cells,24 h flow,WT,WT 1,10
21,ENTO,1000nM,2,10,wt_2,0.685,A,Relative pSYK+ total cells,24 h flow,WT,WT 2,10
21,ENTO,1000nM,2,10,mut_1,0.747,A,Relative pSYK+ total cells,24 h flow,mut,mut 1,10
21,ENTO,1000nM,2,10,mut_2,0.291,A,Relative pSYK+ total cells,24 h flow,mut,mut 2,10
22,ENTO,5000nM,3,30,wt_1,0.68,A,Relative pSYK+ total cells,24 h flow,WT,WT 1,30
22,ENTO,5000nM,3,30,wt_2,0.461,A,Relative pSYK+ total cells,24 h flow,WT,WT 2,30
22,ENTO,5000nM,3,30,mut_1,0.607,A,Relative pSYK+ total cells,24 h flow,mut,mut 1,30
22,ENTO,5000nM,3,30,mut_2,0.33,A,Relative pSYK+ total cells,24 h flow,mut,mut 2,30
24,LANRA,200nM,1,1,wt_1,0.78,A,Relative pSYK+ total cells,24 h flow,WT,WT 1,1
24,LANRA,200nM,1,1,wt_2,0.724,A,Relative pSYK+ total cells,24 h flow,WT,WT 2,1
24,LANRA,200nM,1,1,mut_1,0.523,A,Relative pSYK+ total cells,24 h flow,mut,mut 1,1
24,LANRA,200nM,1,1,mut_2,0.62,A,Relative pSYK+ total cells,24 h flow,mut,mut 2,1
25,LANRA,1000nM,2,10,wt_1,0.605,A,Relative pSYK+ total cells,24 h flow,WT,WT 1,10
25,LANRA,1000nM,2,10,wt_2,0.36,A,Relative pSYK+ total cells,24 h flow,WT,WT 2,10
25,LANRA,1000nM,2,10,mut_1,0.432,A,Relative pSYK+ total cells,24 h flow,mut,mut 1,10
25,LANRA,1000nM,2,10,mut_2,0.224,A,Relative pSYK+ total cells,24 h flow,mut,mut 2,10
26,LANRA,5000nM,3,30,wt_1,0.566,A,Relative pSYK+ total cells,24 h flow,WT,WT 1,30
26,LANRA,5000nM,3,30,wt_2,0.13,A,Relative pSYK+ total cells,24 h flow,WT,WT 2,30
26,LANRA,5000nM,3,30,mut_1,0.116,A,Relative pSYK+ total cells,24 h flow,mut,mut 1,30
26,LANRA,5000nM,3,30,mut_2,0.055,A,Relative pSYK+ total cells,24 h flow,mut,mut 2,30
18,UT,UT,0,0,wt_1,1,A,Relative pSYK+ total cells,24 h flow,WT,WT 1,UT
18,UT,UT,0,0,wt_2,1,A,Relative pSYK+ total cells,24 h flow,WT,WT 2,UT
18,UT,UT,0,0,mut_1,1,A,Relative pSYK+ total cells,24 h flow,mut,mut 1,UT
18,UT,UT,0,0,mut_2,1,A,Relative pSYK+ total cells,24 h flow,mut,mut 2,UT
