source_col,sample_id,npm1_genot,treat,source_row,dosage,relative_value,panel,readout,time_point,dose_nM,dose_uM,dose_label
4,21-00734,WT,UT,35,0nM,1,B,Relative pSYK+ myeloid AML cells,4 h imaging,0,0,UT
5,21-00794,WT,UT,35,0nM,1,B,Relative pSYK+ myeloid AML cells,4 h imaging,0,0,UT
6,22-00111,WT,UT,35,0nM,1,B,Relative pSYK+ myeloid AML cells,4 h imaging,0,0,UT
7,22-00129,WT,UT,35,0nM,1,B,Relative pSYK+ myeloid AML cells,4 h imaging,0,0,UT
8,22-00163,WT,UT,35,0nM,1,B,Relative pSYK+ myeloid AML cells,4 h imaging,0,0,UT
9,22-00175,WT,UT,35,0nM,1,B,Relative pSYK+ myeloid AML cells,4 h imaging,0,0,UT
10,22-00273,WT,UT,35,0nM,1,B,Relative pSYK+ myeloid AML cells,4 h imaging,0,0,UT
11,22-00370,WT,UT,35,0nM,1,B,Relative pSYK+ myeloid AML cells,4 h imaging,0,0,UT
12,22-00385,WT,UT,35,0nM,1,B,Relative pSYK+ myeloid AML cells,4 h imaging,0,0,UT
13,22-00394,WT,UT,35,0nM,1,B,Relative pSYK+ myeloid AML cells,4 h imaging,0,0,UT
15,22-00012,mut,UT,35,0nM,1,B,Relative pSYK+ myeloid AML cells,4 h imaging,0,0,UT
16,22-00016,mut,UT,35,0nM,1,B,Relative pSYK+ myeloid AML cells,4 h imaging,0,0,UT
17,22-00043,mut,UT,35,0nM,1,B,Relative pSYK+ myeloid AML cells,4 h imaging,0,0,UT
18,22-00127,mut,UT,35,0nM,1,B,Relative pSYK+ myeloid AML cells,4 h imaging,0,0,UT
19,22-00173,mut,UT,35,0nM,1,B,Relative pSYK+ myeloid AML cells,4 h imaging,0,0,UT
20,22-00214,mut,UT,35,0nM,1,B,Relative pSYK+ myeloid AML cells,4 h imaging,0,0,UT
21,22-00424,mut,UT,35,0nM,1,B,Relative pSYK+ myeloid AML cells,4 h imaging,0,0,UT
4,21-00734,WT,ENTO,37,200nM,0.4444444444444445,B,Relative pSYK+ myeloid AML cells,4 h imaging,200,0.2,0.2
5,21-00794,WT,ENTO,37,200nM,1.8827838827838828,B,Relative pSYK+ myeloid AML cells,4 h imaging,200,0.2,0.2
6,22-00111,WT,ENTO,37,200nM,1.287833827893175,B,Relative pSYK+ myeloid AML cells,4 h imaging,200,0.2,0.2
7,22-00129,WT,ENTO,37,200nM,0.7376058041112454,B,Relative pSYK+ myeloid AML cells,4 h imaging,200,0.2,0.2
8,22-00163,WT,ENTO,37,200nM,0.7819225251076041,B,Relative pSYK+ myeloid AML cells,4 h imaging,200,0.2,0.2
9,22-00175,WT,ENTO,37,200nM,1.640736949846469,B,Relative pSYK+ myeloid AML cells,4 h imaging,200,0.2,0.2
10,22-00273,WT,ENTO,37,200nM,0.5570032573289903,B,Relative pSYK+ myeloid AML cells,4 h imaging,200,0.2,0.2
11,22-00370,WT,ENTO,37,200nM,1.0014144271570014,B,Relative pSYK+ myeloid AML cells,4 h imaging,200,0.2,0.2
12,22-00385,WT,ENTO,37,200nM,0.841246290801187,B,Relative pSYK+ myeloid AML cells,4 h imaging,200,0.2,0.2
13,22-00394,WT,ENTO,37,200nM,0.7609329446064141,B,Relative pSYK+ myeloid AML cells,4 h imaging,200,0.2,0.2
15,22-00012,mut,ENTO,37,200nM,1.5096774193548386,B,Relative pSYK+ myeloid AML cells,4 h imaging,200,0.2,0.2
16,22-00016,mut,ENTO,37,200nM,0.8240740740740741,B,Relative pSYK+ myeloid AML cells,4 h imaging,200,0.2,0.2
17,22-00043,mut,ENTO,37,200nM,0.8569892473118279,B,Relative pSYK+ myeloid AML cells,4 h imaging,200,0.2,0.2
18,22-00127,mut,ENTO,37,200nM,1.08,B,Relative pSYK+ myeloid AML cells,4 h imaging,200,0.2,0.2
19,22-00173,mut,ENTO,37,200nM,1.4216867469879517,B,Relative pSYK+ myeloid AML cells,4 h imaging,200,0.2,0.2
20,22-00214,mut,ENTO,37,200nM,1.2740740740740741,B,Relative pSYK+ myeloid AML cells,4 h imaging,200,0.2,0.2
21,22-00424,mut,ENTO,37,200nM,1.4984326018808778,B,Relative pSYK+ myeloid AML cells,4 h imaging,200,0.2,0.2
4,21-00734,WT,ENTO,38,1000nM,0.7619047619047619,B,Relative pSYK+ myeloid AML cells,4 h imaging,1000,1,1
5,21-00794,WT,ENTO,38,1000nM,1.978021978021978,B,Relative pSYK+ myeloid AML cells,4 h imaging,1000,1,1
6,22-00111,WT,ENTO,38,1000nM,0.6350148367952522,B,Relative pSYK+ myeloid AML cells,4 h imaging,1000,1,1
7,22-00129,WT,ENTO,38,1000nM,0.2357920193470375,B,Relative pSYK+ myeloid AML cells,4 h imaging,1000,1,1
8,22-00163,WT,ENTO,38,1000nM,0.4763271162123386,B,Relative pSYK+ myeloid AML cells,4 h imaging,1000,1,1
9,22-00175,WT,ENTO,38,1000nM,0.8382804503582395,B,Relative pSYK+ myeloid AML cells,4 h imaging,1000,1,1
10,22-00273,WT,ENTO,38,1000nM,0.7052117263843649,B,Relative pSYK+ myeloid AML cells,4 h imaging,1000,1,1
11,22-00370,WT,ENTO,38,1000nM,0.9250353606789251,B,Relative pSYK+ myeloid AML cells,4 h imaging,1000,1,1
12,22-00385,WT,ENTO,38,1000nM,0.57566765578635,B,Relative pSYK+ myeloid AML cells,4 h imaging,1000,1,1
13,22-00394,WT,ENTO,38,1000nM,0.9854227405247813,B,Relative pSYK+ myeloid AML cells,4 h imaging,1000,1,1
15,22-00012,mut,ENTO,38,1000nM,1.070967741935484,B,Relative pSYK+ myeloid AML cells,4 h imaging,1000,1,1
16,22-00016,mut,ENTO,38,1000nM,0.8148148148148148,B,Relative pSYK+ myeloid AML cells,4 h imaging,1000,1,1
17,22-00043,mut,ENTO,38,1000nM,1.2741935483870965,B,Relative pSYK+ myeloid AML cells,4 h imaging,1000,1,1
18,22-00127,mut,ENTO,38,1000nM,0.8057142857142858,B,Relative pSYK+ myeloid AML cells,4 h imaging,1000,1,1
19,22-00173,mut,ENTO,38,1000nM,1.4959839357429718,B,Relative pSYK+ myeloid AML cells,4 h imaging,1000,1,1
20,22-00214,mut,ENTO,38,1000nM,0.8987654320987654,B,Relative pSYK+ myeloid AML cells,4 h imaging,1000,1,1
21,22-00424,mut,ENTO,38,1000nM,0.6094043887147336,B,Relative pSYK+ myeloid AML cells,4 h imaging,1000,1,1
4,21-00734,WT,ENTO,39,5000nM,0.8253968253968255,B,Relative pSYK+ myeloid AML cells,4 h imaging,5000,5,5
5,21-00794,WT,ENTO,39,5000nM,2.2527472527472527,B,Relative pSYK+ myeloid AML cells,4 h imaging,5000,5,5
6,22-00111,WT,ENTO,39,5000nM,0.37091988130563797,B,Relative pSYK+ myeloid AML cells,4 h imaging,5000,5,5
7,22-00129,WT,ENTO,39,5000nM,0.33615477629987905,B,Relative pSYK+ myeloid AML cells,4 h imaging,5000,5,5
8,22-00163,WT,ENTO,39,5000nM,0.5078909612625538,B,Relative pSYK+ myeloid AML cells,4 h imaging,5000,5,5
9,22-00175,WT,ENTO,39,5000nM,0.4667349027635619,B,Relative pSYK+ myeloid AML cells,4 h imaging,5000,5,5
10,22-00273,WT,ENTO,39,5000nM,0.7198697068403909,B,Relative pSYK+ myeloid AML cells,4 h imaging,5000,5,5
11,22-00370,WT,ENTO,39,5000nM,1.0226308345120225,B,Relative pSYK+ myeloid AML cells,4 h imaging,5000,5,5
12,22-00385,WT,ENTO,39,5000nM,0.5474777448071216,B,Relative pSYK+ myeloid AML cells,4 h imaging,5000,5,5
13,22-00394,WT,ENTO,39,5000nM,0.7871720116618076,B,Relative pSYK+ myeloid AML cells,4 h imaging,5000,5,5
15,22-00012,mut,ENTO,39,5000nM,0.8161290322580645,B,Relative pSYK+ myeloid AML cells,4 h imaging,5000,5,5
16,22-00016,mut,ENTO,39,5000nM,0.7222222222222222,B,Relative pSYK+ myeloid AML cells,4 h imaging,5000,5,5
17,22-00043,mut,ENTO,39,5000nM,0.8247311827956989,B,Relative pSYK+ myeloid AML cells,4 h imaging,5000,5,5
18,22-00127,mut,ENTO,39,5000nM,0.940952380952381,B,Relative pSYK+ myeloid AML cells,4 h imaging,5000,5,5
19,22-00173,mut,ENTO,39,5000nM,1.6064257028112447,B,Relative pSYK+ myeloid AML cells,4 h imaging,5000,5,5
20,22-00214,mut,ENTO,39,5000nM,0.9728395061728394,B,Relative pSYK+ myeloid AML cells,4 h imaging,5000,5,5
21,22-00424,mut,ENTO,39,5000nM,0.8752351097178684,B,Relative pSYK+ myeloid AML cells,4 h imaging,5000,5,5
4,21-00734,WT,LANRA,41,200nM,4.682539682539682,B,Relative pSYK+ myeloid AML cells,4 h imaging,200,0.2,0.2
5,21-00794,WT,LANRA,41,200nM,2.208791208791209,B,Relative pSYK+ myeloid AML cells,4 h imaging,200,0.2,0.2
6,22-00111,WT,LANRA,41,200nM,0.9406528189910979,B,Relative pSYK+ myeloid AML cells,4 h imaging,200,0.2,0.2
7,22-00129,WT,LANRA,41,200nM,0.5550181378476421,B,Relative pSYK+ myeloid AML cells,4 h imaging,200,0.2,0.2
8,22-00163,WT,LANRA,41,200nM,0.3959827833572453,B,Relative pSYK+ myeloid AML cells,4 h imaging,200,0.2,0.2
9,22-00175,WT,LANRA,41,200nM,1.1975435005117707,B,Relative pSYK+ myeloid AML cells,4 h imaging,200,0.2,0.2
10,22-00273,WT,LANRA,41,200nM,0.5423452768729642,B,Relative pSYK+ myeloid AML cells,4 h imaging,200,0.2,0.2
11,22-00370,WT,LANRA,41,200nM,0.8302687411598303,B,Relative pSYK+ myeloid AML cells,4 h imaging,200,0.2,0.2
12,22-00385,WT,LANRA,41,200nM,0.7017804154302669,B,Relative pSYK+ myeloid AML cells,4 h imaging,200,0.2,0.2
13,22-00394,WT,LANRA,41,200nM,0.6524781341107871,B,Relative pSYK+ myeloid AML cells,4 h imaging,200,0.2,0.2
15,22-00012,mut,LANRA,41,200nM,0.6948387096774193,B,Relative pSYK+ myeloid AML cells,4 h imaging,200,0.2,0.2
16,22-00016,mut,LANRA,41,200nM,0.7407407407407407,B,Relative pSYK+ myeloid AML cells,4 h imaging,200,0.2,0.2
17,22-00043,mut,LANRA,41,200nM,0.6580645161290323,B,Relative pSYK+ myeloid AML cells,4 h imaging,200,0.2,0.2
18,22-00127,mut,LANRA,41,200nM,0.64,B,Relative pSYK+ myeloid AML cells,4 h imaging,200,0.2,0.2
19,22-00173,mut,LANRA,41,200nM,1.1987951807228914,B,Relative pSYK+ myeloid AML cells,4 h imaging,200,0.2,0.2
20,22-00214,mut,LANRA,41,200nM,0.9234567901234567,B,Relative pSYK+ myeloid AML cells,4 h imaging,200,0.2,0.2
21,22-00424,mut,LANRA,41,200nM,0.6764890282131661,B,Relative pSYK+ myeloid AML cells,4 h imaging,200,0.2,0.2
5,21-00794,WT,LANRA,42,1000nM,1.8021978021978022,B,Relative pSYK+ myeloid AML cells,4 h imaging,1000,1,1
6,22-00111,WT,LANRA,42,1000nM,0.6807121661721068,B,Relative pSYK+ myeloid AML cells,4 h imaging,1000,1,1
7,22-00129,WT,LANRA,42,1000nM,0.31680773881499397,B,Relative pSYK+ myeloid AML cells,4 h imaging,1000,1,1
8,22-00163,WT,LANRA,42,1000nM,0.4246771879483501,B,Relative pSYK+ myeloid AML cells,4 h imaging,1000,1,1
9,22-00175,WT,LANRA,42,1000nM,0.7901740020470829,B,Relative pSYK+ myeloid AML cells,4 h imaging,1000,1,1
10,22-00273,WT,LANRA,42,1000nM,0.8485342019543974,B,Relative pSYK+ myeloid AML cells,4 h imaging,1000,1,1
11,22-00370,WT,LANRA,42,1000nM,0.5912305516265912,B,Relative pSYK+ myeloid AML cells,4 h imaging,1000,1,1
12,22-00385,WT,LANRA,42,1000nM,0.4881305637982195,B,Relative pSYK+ myeloid AML cells,4 h imaging,1000,1,1
13,22-00394,WT,LANRA,42,1000nM,0.8583090379008748,B,Relative pSYK+ myeloid AML cells,4 h imaging,1000,1,1
15,22-00012,mut,LANRA,42,1000nM,0.33483870967741935,B,Relative pSYK+ myeloid AML cells,4 h imaging,1000,1,1
16,22-00016,mut,LANRA,42,1000nM,0.37037037037037035,B,Relative pSYK+ myeloid AML cells,4 h imaging,1000,1,1
17,22-00043,mut,LANRA,42,1000nM,0.5344086021505375,B,Relative pSYK+ myeloid AML cells,4 h imaging,1000,1,1
18,22-00127,mut,LANRA,42,1000nM,0.7961904761904761,B,Relative pSYK+ myeloid AML cells,4 h imaging,1000,1,1
19,22-00173,mut,LANRA,42,1000nM,0.6887550200803213,B,Relative pSYK+ myeloid AML cells,4 h imaging,1000,1,1
20,22-00214,mut,LANRA,42,1000nM,0.4414814814814815,B,Relative pSYK+ myeloid AML cells,4 h imaging,1000,1,1
21,22-00424,mut,LANRA,42,1000nM,0.14858934169278998,B,Relative pSYK+ myeloid AML cells,4 h imaging,1000,1,1
4,21-00734,WT,LANRA,43,5000nM,0.25396825396825395,B,Relative pSYK+ myeloid AML cells,4 h imaging,5000,5,5
5,21-00794,WT,LANRA,43,5000nM,2.2637362637362637,B,Relative pSYK+ myeloid AML cells,4 h imaging,5000,5,5
6,22-00111,WT,LANRA,43,5000nM,0.6225519287833827,B,Relative pSYK+ myeloid AML cells,4 h imaging,5000,5,5
7,22-00129,WT,LANRA,43,5000nM,0.23337363966142685,B,Relative pSYK+ myeloid AML cells,4 h imaging,5000,5,5
8,22-00163,WT,LANRA,43,5000nM,0.33572453371592537,B,Relative pSYK+ myeloid AML cells,4 h imaging,5000,5,5
9,22-00175,WT,LANRA,43,5000nM,0.8710337768679631,B,Relative pSYK+ myeloid AML cells,4 h imaging,5000,5,5
10,22-00273,WT,LANRA,43,5000nM,0.36644951140065146,B,Relative pSYK+ myeloid AML cells,4 h imaging,5000,5,5
11,22-00370,WT,LANRA,43,5000nM,0.5021216407355021,B,Relative pSYK+ myeloid AML cells,4 h imaging,5000,5,5
12,22-00385,WT,LANRA,43,5000nM,0.6246290801186943,B,Relative pSYK+ myeloid AML cells,4 h imaging,5000,5,5
13,22-00394,WT,LANRA,43,5000nM,0.5906705539358601,B,Relative pSYK+ myeloid AML cells,4 h imaging,5000,5,5
15,22-00012,mut,LANRA,43,5000nM,0.2264516129032258,B,Relative pSYK+ myeloid AML cells,4 h imaging,5000,5,5
16,22-00016,mut,LANRA,43,5000nM,0.787037037037037,B,Relative pSYK+ myeloid AML cells,4 h imaging,5000,5,5
17,22-00043,mut,LANRA,43,5000nM,0.5623655913978495,B,Relative pSYK+ myeloid AML cells,4 h imaging,5000,5,5
18,22-00127,mut,LANRA,43,5000nM,0.4876190476190476,B,Relative pSYK+ myeloid AML cells,4 h imaging,5000,5,5
19,22-00173,mut,LANRA,43,5000nM,1.0261044176706826,B,Relative pSYK+ myeloid AML cells,4 h imaging,5000,5,5
20,22-00214,mut,LANRA,43,5000nM,0.3733333333333333,B,Relative pSYK+ myeloid AML cells,4 h imaging,5000,5,5
21,22-00424,mut,LANRA,43,5000nM,0.15799373040752351,B,Relative pSYK+ myeloid AML cells,4 h imaging,5000,5,5
